Age,Previous_Admissions,Previous_Stay_Days,Heart_Rate,SpO2,Temperature,Systolic_BP,Diabetes,Hypertension,Readmitted
45,0,3,76,98,36.6,120,0,0,0
52,1,5,82,97,36.8,128,0,1,0
61,2,7,105,93,38.1,145,1,1,1
48,0,4,79,98,36.7,122,0,0,0
70,3,9,110,90,38.5,150,1,1,1
55,1,6,88,96,37.2,135,1,0,0
67,2,8,102,92,38.0,148,1,1,1
39,0,2,72,99,36.5,118,0,0,0
58,1,5,91,95,37.4,132,1,0,0
73,4,10,115,89,38.7,155,1,1,1
46,0,3,75,98,36.6,120,0,0,0
63,2,7,100,93,37.9,142,1,1,1
50,1,4,84,97,36.9,125,0,1,0
69,3,8,108,91,38.3,148,1,1,1
42,0,3,77,98,36.6,119,0,0,0
57,1,6,94,95,37.5,138,1,0,0
65,2,8,106,92,38.2,146,1,1,1
35,0,2,70,99,36.4,115,0,0,0
60,1,5,89,96,37.1,130,1,0,0
75,4,11,118,88,38.8,160,1,1,1